{"device_family": {"Generic Smartphone": 589.46581640625, "Samsung SM-A105FN": 400.442, "Samsung SM-G9650": 794.2095, "Samsung SM-J415G": 403.402, "Spider": 478.715, "iPhone": 888.317, "Other": 471.556140625, "Samsung SM-J105B": 681.886, "LM-X410.F": 3.0415, "Samsung SM-G610M": 734.18175, "iPhone10": 0, "5": 310.9285, "Samsung SM-G570M": 605.681, "Samsung SM-J610G": 1240.14625, "XiaoMi MI 8 Pro": 117.5235, "iPhone8": 0, "1": 128.3895, "Moto C Plus": 402.025, "Samsung SM-A505GT": 1014.91925, "Samsung SM-G935F": 154.901, "Samsung GT-I9192": 565.2825, "Samsung SM-A705MN": 404.05, "Samsung SM-J260M": 975.153, "Samsung SM-A605GN": 580.2545, "Samsung SM-J810M": 315.9825, "XiaoMi Redmi Note 8": 712.971}, "os_family": {"Android": 924.590958984375, "Other": 375.03025, "iOS": 638.087125, "Windows 10": 740.0115625, "Linux": 368.7685, "Windows 8.1": 883.6665, "Windows 7": 94.371}, "browser_family": {"Chrome Mobile": 1147.512375, "Facebook": 596.6268515625, "Googlebot": 478.715, "Mobile Safari": 888.317, "Chrome": 471.556140625, "Mobile Safari UIWebView": 283.85375}}